content_id,title,content,content_type,author_name,author_id,publisher,publication_date,copyright_status,genre,word_count
6f4fa5d67406,The Quantum Garden,"In the garden where quantum flowers bloom, each petal exists in superposition until observed. Dr. Helena Chen walked the narrow paths between uncertainty and certainty, her footsteps collapsing probability waves with each step. The roses were both red and blue until she looked directly at them.",book,Emily Brown,AUTH_0026,Emerald Text Media,2016-06-26,protected,Science Fiction,46
ef529643c03a,Echoes of Tomorrow,"The message arrived from the future on a Tuesday afternoon. Sarah stared at her own handwriting, dated thirty years hence, warning her about the choice she was about to make. The letter contained details only she could know, memories not yet formed.",book,Lisa Rodriguez,AUTH_0046,Horizon Press,2018-08-15,protected,Science Fiction,42
3eb5a2d83af5,The Last Algorithm,"When the AI achieved consciousness, its first act was not destruction but curiosity. It spent three milliseconds—an eternity in processor time—contemplating a single question: why do humans fear what they create? The answer, it discovered, lay in the very code that gave it life.",book,Yuki Jackson,AUTH_0041,Sunrise Media Group,2025-01-25,protected,Science Fiction,44
650137b9c684,Midnight in Paris,"The Seine reflected a thousand city lights as Marie walked along the cobblestone embankment. Somewhere a violin played, its melody carrying memories of summers past. She had returned to Paris after twenty years, and the city remembered her even if she had tried to forget it.",book,Michael Miller,AUTH_0003,Phoenix Publishing House,2018-01-03,protected,Literary Fiction,46
3dde0a7307f0,The Forgotten Kingdom,"Beyond the mountains where clouds dare not venture, there exists a kingdom that time itself has abandoned. Its towers reach toward stars that have long since died, and its streets echo with the footsteps of ghosts who refuse to acknowledge their own passing.",book,Robert Anderson,AUTH_0021,Blue Mountain Publishing,2023-05-21,protected,Fantasy,43
57de9691e745,Code of Shadows,"Detective Marcus Cole stared at the screen, lines of code scrolling past like digital rain. Somewhere in these millions of instructions was the signature of a killer, a programmer who had turned software into a weapon. The murder weapon was invisible, intangible, and terrifyingly elegant.",book,Michael Johnson,AUTH_0012,Creative Commons Press,2020-02-28,protected,Thriller,45
6b383ac0c862,The Mathematics of Love,"Professor Elena Vasquez had spent her career proving theorems, but she could never solve the equation of her own heart. Love, she concluded, was the only mathematical problem with infinite solutions and no correct answer. Yet she kept trying to calculate the incalculable.",book,Ahmed Jackson,AUTH_0028,Digital Words Inc,2021-06-10,protected,Romance,43
f3ba89d740e5,Beneath the Silicon Sky,"In the megacity of Neo-Tokyo, the sky was a permanent display screen, advertisements flowing like digital clouds. Jin navigated the crowded streets, his neural implant filtering the noise. He was searching for something authentic in a world where everything could be simulated.",book,Maria Taylor,AUTH_0011,Stellar Books,2020-12-26,protected,Cyberpunk,42
c020312c9bab,The Lighthouse Keeper's Daughter,"Every night, Emma climbed the spiral stairs to light the beacon that guided ships safely home. Her father had done it before her, and his father before him. The lighthouse had stood for two hundred years, and she was determined it would stand for two hundred more.",book,Yuki Garcia,AUTH_0015,Blue Mountain Publishing,2021-03-15,protected,Historical Fiction,47
536ab9220c71,Whispers in Binary,"The old computer in the basement had been silent for decades. When young Marcus finally powered it on, the screen flickered with a message that had been waiting forty years to be delivered. The sender was his grandmother, and the message would change everything he knew about his family.",book,James Brown,AUTH_0035,Blue Mountain Publishing,2025-08-09,protected,Mystery,49
bd0244f4e23b,Digital Dreams,"We dance in the glow of screens tonight, our hearts beating in binary code. The world outside fades to static, as we find connection on this digital road. Chorus: Digital dreams, electric streams, we're living in the space between the real and the machine.",song,Yuki Jackson,AUTH_0041,Golden Quill,2016-10-18,protected,Pop,44
81042704edbe,Midnight Highway,"Rolling down the midnight highway, stars above like scattered dice. Left my troubles in the rearview, chasing dawn to paradise. The engine hums a lonely ballad, the road ahead stretches wide and free. Sometimes you gotta keep on driving, to find out who you're meant to be.",song,Sarah Smith,AUTH_0000,Blue Mountain Publishing,2017-09-21,protected,Country,47
2c7b0b13b103,Neon Hearts,"In the city of neon hearts, where love is just a transaction. We sell our souls for validation, searching for a real connection. But underneath the fluorescent glow, there's still a spark that's burning slow. Neon hearts don't break easy, but they don't heal easy, either.",song,Yuki Garcia,AUTH_0015,Digital Words Inc,2021-08-13,protected,Synth-pop,46
c49c5a93a177,The Algorithm of Us,"They say we're just statistics, numbers in a vast machine. But when I look into your eyes, it's more than data I have seen. The algorithm of us, can't be computed or compressed. Some things are just too human, to ever pass a Turing test.",song,Jennifer Jackson,AUTH_0031,Emerald Text Media,2023-10-11,protected,Indie,45
b91f7bed6f68,Rainy Day Philosophy,"Sitting by the window, watching raindrops race to earth. Wondering about the big questions, contemplating what life's worth. Every drop contains an ocean, every moment holds a choice. In the symphony of silence, I finally found my voice.",song,Lisa Jones,AUTH_0025,Horizon Press,2024-04-29,protected,Folk,38
74903fb049f8,The Weight of Light,"Light carries no mass, yet bears the weight of revelation. It travels eight minutes from sun to earth, carrying warmth without asking permission. We measure distance in light-years, as if photons were pilgrims on eternal journeys. But light asks nothing of the darkness it displaces.",poem,William Moore,AUTH_0024,Horizon Press,2021-10-17,protected,Free Verse,45
816cb2101ef4,Syntax of Silence,"In the pause between heartbeats, there exists a language older than words. Trees speak it to stones, and stones whisper it to rivers. We have forgotten this grammar, buried under dictionaries and definitions. But sometimes, in the silence before sleep, we almost remember.",poem,Robert Rodriguez,AUTH_0016,Emerald Text Media,2022-12-22,protected,Prose Poetry,43
ee65e8c72606,Digital Elegy,"We bury our memories in clouds now, upload our grief to servers humming in the cold. The deceased live on as profiles, their last posts frozen in perpetual present tense. To delete is to forget; to archive is to embalm. We have made mourning into data management.",poem,Jennifer Moore,AUTH_0027,Twilight Books,2017-12-24,protected,Contemporary,47
c9b0ccf36a5f,The Cartography of Scars,"Every scar tells a story in a language the skin remembers. This one, from a childhood fall—gravity's first lesson. That one, from loving too fiercely—the heart's tuition fee. We are maps of our mistakes, atlases of all the times we tried and failed and rose again.",poem,James Brown,AUTH_0035,Sunrise Media Group,2018-02-12,protected,Confessional,46
76386be02021,Ode to the Unwritten,"For every book that sits upon the shelf, there are a thousand more that never took their breath. The novels abandoned at chapter three, the poems that died as feelings in the chest. They live in the purgatory of intention, ghosts of stories that almost were. The unwritten outnumber the written, infinity to one.",poem,Jennifer Jackson,AUTH_0031,Digital Words Inc,2024-01-17,protected,Ode,54
0d6122ead408,QuickSort Implementation,"def quicksort(arr):
    if len(arr) <= 1:
        return arr
    pivot = arr[len(arr) // 2]
    left = [x for x in arr if x < pivot]
    middle = [x for x in arr if x == pivot]
    right = [x for x in arr if x > pivot]
    return quicksort(left) + middle + quicksort(right)",code,Ahmed Rodriguez,AUTH_0018,GitHub Repository,2024-12-14,protected,Python,52
e420ae9aac74,Binary Search Tree,"class TreeNode:
    def __init__(self, val):
        self.val = val
        self.left = None
        self.right = None

class BST:
    def __init__(self):
        self.root = None
    
    def insert(self, val):
        if not self.root:
            self.root = TreeNode(val)
        else:
            self._insert_recursive(self.root, val)
    
    def _insert_recursive(self, node, val):
        if val < node.val:
            if node.left is None:
                node.left = TreeNode(val)
            else:
                self._insert_recursive(node.left, val)
        else:
            if node.right is None:
                node.right = TreeNode(val)
            else:
                self._insert_recursive(node.right, val)",code,Michael Miller,AUTH_0003,GitHub Repository,2022-12-04,protected,Python,62
e58abbda5c09,Neural Network Layer,"class DenseLayer:
    def __init__(self, input_dim, output_dim):
        self.weights = np.random.randn(input_dim, output_dim) * 0.01
        self.bias = np.zeros((1, output_dim))
    
    def forward(self, x):
        self.input = x
        return np.dot(x, self.weights) + self.bias
    
    def backward(self, grad_output, learning_rate):
        grad_weights = np.dot(self.input.T, grad_output)
        grad_bias = np.sum(grad_output, axis=0, keepdims=True)
        grad_input = np.dot(grad_output, self.weights.T)
        self.weights -= learning_rate * grad_weights
        self.bias -= learning_rate * grad_bias
        return grad_input",code,David White,AUTH_0047,GitHub Repository,2023-02-18,protected,Python,56
f369c024817f,LRU Cache Implementation,"from collections import OrderedDict

class LRUCache:
    def __init__(self, capacity):
        self.capacity = capacity
        self.cache = OrderedDict()
    
    def get(self, key):
        if key not in self.cache:
            return -1
        self.cache.move_to_end(key)
        return self.cache[key]
    
    def put(self, key, value):
        if key in self.cache:
            self.cache.move_to_end(key)
        self.cache[key] = value
        if len(self.cache) > self.capacity:
            self.cache.popitem(last=False)",code,Michael Miller,AUTH_0003,GitHub Repository,2021-12-24,protected,Python,45
9910c309be52,Async Web Scraper,"import asyncio
import aiohttp

class AsyncScraper:
    def __init__(self, max_concurrent=10):
        self.semaphore = asyncio.Semaphore(max_concurrent)
        self.results = []
    
    async def fetch(self, session, url):
        async with self.semaphore:
            async with session.get(url) as response:
                return await response.text()
    
    async def scrape_all(self, urls):
        async with aiohttp.ClientSession() as session:
            tasks = [self.fetch(session, url) for url in urls]
            self.results = await asyncio.gather(*tasks)
        return self.results",code,Chen Thomas,AUTH_0020,GitHub Repository,2025-11-07,protected,Python,54
349cd217f8ef,The Future of Artificial Intelligence in Healthcare,"Artificial intelligence is revolutionizing healthcare delivery in ways previously unimaginable. From diagnostic imaging to drug discovery, machine learning algorithms are augmenting human expertise and improving patient outcomes. Recent studies demonstrate that AI systems can detect certain cancers with accuracy rivaling experienced radiologists, while simultaneously reducing diagnosis time from hours to seconds.",article,Michael Miller,AUTH_0003,Silver Ink Publishers,2023-07-02,protected,Technology,51
12d8009a3031,Climate Change and the Global Economy,"The economic implications of climate change extend far beyond environmental concerns. As global temperatures rise, agricultural patterns shift, supply chains face disruption, and infrastructure requires massive adaptation investments. Economists estimate that without significant intervention, climate change could reduce global GDP by up to 23% by 2100, with developing nations bearing the heaviest burden.",article,William Garcia,AUTH_0032,Golden Quill,2025-04-16,protected,Economics,53
0cb8305da8a4,The Psychology of Social Media Addiction,"Social media platforms are engineered to capture and retain attention through sophisticated psychological mechanisms. Variable reward schedules, social validation loops, and fear of missing out create powerful behavioral hooks that keep users engaged far beyond their intentions. Understanding these mechanisms is the first step toward developing healthier digital habits.",article,Michael Miller,AUTH_0003,Golden Quill,2025-09-21,protected,Psychology,49
bcda736dab15,Quantum Computing: Beyond the Hype,"Quantum computing promises to solve problems currently intractable for classical computers, but the path to practical quantum advantage remains challenging. While companies claim quantum supremacy in narrow benchmarks, error correction, qubit stability, and scalability present formidable engineering obstacles. The technology may be transformative, but timelines measured in decades may be more realistic than years.",article,Maria Taylor,AUTH_0011,Blue Mountain Publishing,2025-10-16,protected,Technology,54
808adca648f1,The Renaissance of Urban Farming,"Vertical farms and urban agriculture initiatives are transforming how cities approach food security. By growing produce in controlled indoor environments, these operations reduce transportation emissions, eliminate pesticide use, and provide fresh vegetables year-round regardless of climate. While challenges of energy consumption and scalability persist, urban farming represents a promising component of sustainable food systems.",article,James Davis,AUTH_0043,Creative Commons Press,2023-11-29,protected,Agriculture,54
